Naam,Team,Prijs
Tadej Pogacar,UAE Team Emirates - XRG,€14M
Mathieu van der Poel,Alpecin - Premier Tech,€14M
Remco Evenepoel,Red Bull - BORA - hansgrohe,€12M
Wout van Aert,Team Visma | Lease a Bike,€11M
Mads Pedersen,Lidl - Trek,€10M
Jasper Philipsen,Alpecin - Premier Tech,€9M
Tim Merlier,Soudal Quick-Step,€8M
Tom Pidcock,Pinarello - Q36.5 Pro Cycling,€8M
Jonas Vingegaard,Team Visma | Lease a Bike,€8M
Juan Ayuso,Lidl - Trek,€7M
Isaac Del Toro,UAE Team Emirates - XRG,€7M
Filippo Ganna,INEOS Grenadiers,€7M
Ben Healy,EF Education - EasyPost,€7M
Paul Magnier,Soudal Quick-Step,€7M
Jonathan Milan,Lidl - Trek,€7M
Primož Roglic,Red Bull - BORA - hansgrohe,€7M
Mattias Skjelmose,Lidl - Trek,€7M
João Almeida,UAE Team Emirates - XRG,€6M
Tiesj Benoot,Decathlon CMA CGM Team,€6M
Matthew Brennan,Team Visma | Lease a Bike,€6M
Richard Carapaz,EF Education - EasyPost,€6M
Arnaud De Lie,Lotto-Intermarché,€6M
Kaden Groves,Alpecin - Premier Tech,€6M
Matteo Jorgenson,Team Visma | Lease a Bike,€6M
Olav Kooij,Decathlon CMA CGM Team,€6M
Florian Lipowitz,Red Bull - BORA - hansgrohe,€6M
Michael Matthews,Team Jayco AlUla,€6M
Thibau Nys,Lidl - Trek,€6M
Neilson Powless,EF Education - EasyPost,€6M
Jasper Stuyven,Soudal Quick-Step,€6M
Mathias Vacek,Lidl - Trek,€6M
Maxim Van Gils,Red Bull - BORA - hansgrohe,€6M
Tim Wellens,UAE Team Emirates - XRG,€6M
Santiago Buitrago,Bahrain - Victorious,€5M
Jan Christen,UAE Team Emirates - XRG,€5M
Giulio Ciccone,Lidl - Trek,€5M
Benoît Cosnefroy,UAE Team Emirates - XRG,€5M
Tibor Del Grosso,Alpecin - Premier Tech,€5M
Milan Fretin,Cofidis,€5M
Felix Gall,Decathlon CMA CGM Team,€5M
Derek Gee,Lidl - Trek,€5M
Biniam Girmay,NSN Cycling Team,€5M
Romain Grégoire,Groupama - FDJ United,€5M
Jai Hindley,Red Bull - BORA - hansgrohe,€5M
Marc Hirschi,Tudor Pro Cycling Team,€5M
Hugo Hofstetter,NSN Cycling Team,€5M
Tobias Johannessen,Uno-X Mobility,€5M
Stefan Küng,Tudor Pro Cycling Team,€5M
Sepp Kuss,Team Visma | Lease a Bike,€5M
Christophe Laporte,Team Visma | Lease a Bike,€5M
Lenny Martinez,Bahrain - Victorious,€5M
Jordi Meeus,Red Bull - BORA - hansgrohe,€5M
Matej Mohoric,Bahrain - Victorious,€5M
Jhonatan Narváez,UAE Team Emirates - XRG,€5M
Ben O'Connor,Team Jayco AlUla,€5M
Oscar Onley,INEOS Grenadiers,€5M
Giulio Pellizzari,Red Bull - BORA - hansgrohe,€5M
Christian Scaroni,XDS Astana Team,€5M
Paul Seixas,Decathlon CMA CGM Team,€5M
Magnus Sheffield,INEOS Grenadiers,€5M
Michael Storer,Tudor Pro Cycling Team,€5M
Antonio Tiberi,Bahrain - Victorious,€5M
Matteo Trentin,Tudor Pro Cycling Team,€5M
Cian Uijtdebroeks,Movistar Team,€5M
Lennert Van Eetvelt,Lotto-Intermarché,€5M
Kévin Vauquelin,INEOS Grenadiers,€5M
Florian Vermeersch,UAE Team Emirates - XRG,€5M
Jay Vine,UAE Team Emirates - XRG,€5M
Søren Wærenskjold,Uno-X Mobility,€5M
Adam Yates,UAE Team Emirates - XRG,€5M
Jonas Abrahamsen,Uno-X Mobility,€4M
Pascal Ackermann,Team Jayco AlUla,€4M
Julian Alaphilippe,Tudor Pro Cycling Team,€4M
Alex Aranburu,Cofidis,€4M
Thymen Arensman,INEOS Grenadiers,€4M
Kasper Asgreen,EF Education - EasyPost,€4M
Lewis Askey,NSN Cycling Team,€4M
Orluis Aular,Movistar Team,€4M
Davide Ballerini,XDS Astana Team,€4M
Louis Barré,Team Visma | Lease a Bike,€4M
Phil Bauhaus,Bahrain - Victorious,€4M
Sam Bennett,Pinarello - Q36.5 Pro Cycling,€4M
Jenno Berckmoes,Lotto-Intermarché,€4M
Egan Bernal,INEOS Grenadiers,€4M
Alberto Bettiol,XDS Astana Team,€4M
Pello Bilbao,Bahrain - Victorious,€4M
Pavel Bittner,Team Picnic PostNL,€4M
Cees Bol,Decathlon CMA CGM Team,€4M
Victor Campenaerts,Team Visma | Lease a Bike,€4M
Damiano Caruso,Bahrain - Victorious,€4M
Pablo Castrillo,Movistar Team,€4M
Bryan Coquard,Cofidis,€4M
Magnus Cort,Uno-X Mobility,€4M
Alberto Dainese,Soudal Quick-Step,€4M
Dries De Bondt,Team Jayco AlUla,€4M
Arvid de Kleijn,Tudor Pro Cycling Team,€4M
Eddie Dunbar,Pinarello - Q36.5 Pro Cycling,€4M
Nils Eekhoff,Team Picnic PostNL,€4M
Lorenzo Fortunato,XDS Astana Team,€4M
Iván García Cortina,Movistar Team,€4M
David Gaudu,Groupama - FDJ United,€4M
Fernando Gaviria,Caja Rural - Seguros RGA,€4M
Tao Geoghegan Hart,Lidl - Trek,€4M
Dorian Godon,INEOS Grenadiers,€4M
Dylan Groenewegen,Unibet Rose Rockets,€4M
Chris Harper,Pinarello - Q36.5 Pro Cycling,€4M
Ethan Hayter,Soudal Quick-Step,€4M
Quinten Hermans,Pinarello - Q36.5 Pro Cycling,€4M
Fabio Jakobsen,Team Picnic PostNL,€4M
Emilien Jeannière,Team TotalEnergies,€4M
Jordan Jegat,Team TotalEnergies,€4M
Max Kanter,XDS Astana Team,€4M
Søren Kragh,Lidl - Trek,€4M
Lukáš Kubiš,Unibet Rose Rockets,€4M
Michal Kwiatkowski,INEOS Grenadiers,€4M
Luke Lamperti,EF Education - EasyPost,€4M
Mikel Landa,Soudal Quick-Step,€4M
Paul Lapeira,Decathlon CMA CGM Team,€4M
Axel Laurance,INEOS Grenadiers,€4M
Andreas Leknessund,Uno-X Mobility,€4M
Tobias Lund Andresen,Decathlon CMA CGM Team,€4M
Alexey Lutsenko,NSN Cycling Team,€4M
Valentin Madouas,Groupama - FDJ United,€4M
Arne Marit,Red Bull - BORA - hansgrohe,€4M
Guillaume Martin,Groupama - FDJ United,€4M
Daniel Felipe Martínez,Red Bull - BORA - hansgrohe,€4M
Enric Mas,Movistar Team,€4M
Brandon McNulty,UAE Team Emirates - XRG,€4M
Milan Menten,Lotto-Intermarché,€4M
Madis Mihkels,EF Education - EasyPost,€4M
Juan Sebastián Molano,UAE Team Emirates - XRG,€4M
António Morgado,UAE Team Emirates - XRG,€4M
Matteo Moschetti,Pinarello - Q36.5 Pro Cycling,€4M
Luca Mozzato,Tudor Pro Cycling Team,€4M
Aurélien Paret-Peintre,Decathlon CMA CGM Team,€4M
Valentin Paret-Peintre,Soudal Quick-Step,€4M
Paul Penhoët,Groupama - FDJ United,€4M
Laurence Pithie,Red Bull - BORA - hansgrohe,€4M
Lucas Plapp,Team Jayco AlUla,€4M
Rick Pluimers,Tudor Pro Cycling Team,€4M
Nils Politt,UAE Team Emirates - XRG,€4M
Max Poole,Team Picnic PostNL,€4M
Laurenz Rex,Soudal Quick-Step,€4M
Matthew Riccitello,Decathlon CMA CGM Team,€4M
Carlos Rodríguez,INEOS Grenadiers,€4M
Iván Romeo,Movistar Team,€4M
Einer Rubio,Movistar Team,€4M
Max Schachmann,Soudal Quick-Step,€4M
Mauro Schmid,Team Jayco AlUla,€4M
Alec Segaert,Bahrain - Victorious,€4M
Quinn Simmons,Lidl - Trek,€4M
Pavel Sivakov,UAE Team Emirates - XRG,€4M
Toms Skujinš,Lidl - Trek,€4M
Marc Soler,UAE Team Emirates - XRG,€4M
Corbin Strong,NSN Cycling Team,€4M
Joshua Tarling,INEOS Grenadiers,€4M
Mike Teunissen,XDS Astana Team,€4M
Dylan Teuns,Cofidis,€4M
Gerben Thijssen,Alpecin - Premier Tech,€4M
Rasmus Tiller,Uno-X Mobility,€4M
Torstein Træen,Uno-X Mobility,€4M
Jan Tratnik,Red Bull - BORA - hansgrohe,€4M
Ben Tulett,Team Visma | Lease a Bike,€4M
Anthony Turgis,Team TotalEnergies,€4M
Ben Turner,INEOS Grenadiers,€4M
Attila Valter,Bahrain - Victorious,€4M
Dylan van Baarle,Soudal Quick-Step,€4M
Marijn van den Berg,EF Education - EasyPost,€4M
Danny van Poppel,Red Bull - BORA - hansgrohe,€4M
Mauri Vansevenant,Soudal Quick-Step,€4M
Casper van Uden,Team Picnic PostNL,€4M
Ilan Van Wilder,Soudal Quick-Step,€4M
Simone Velasco,XDS Astana Team,€4M
Gianni Vermeersch,Red Bull - BORA - hansgrohe,€4M
Ethan Vernon,NSN Cycling Team,€4M
Aleksandr Vlasov,Red Bull - BORA - hansgrohe,€4M
Sam Watson,INEOS Grenadiers,€4M
Sam Welsford,INEOS Grenadiers,€4M
Jarno Widar,Lotto-Intermarché,€4M
Fred Wright,Pinarello - Q36.5 Pro Cycling,€4M
Axel Zingle,Team Visma | Lease a Bike,€4M
Roger Adrià,Movistar Team,€3M
Toon Aerts,Lotto-Intermarché,€3M
Edoardo Affini,Team Visma | Lease a Bike,€3M
Mattia Agostinacchio,EF Education - EasyPost,€3M
Vincenzo Albanese,EF Education - EasyPost,€3M
Piet Allegaert,Cofidis,€3M
Stanislaw Aniolkowski,Cofidis,€3M
Bruno Armirail,Team Visma | Lease a Bike,€3M
Nikias Arndt,Bahrain - Victorious,€3M
Igor Arrieta,UAE Team Emirates - XRG,€3M
Huub Artz,Lotto-Intermarché,€3M
Andrea Bagioli,Lidl - Trek,€3M
Fernando Barceló,Caja Rural - Seguros RGA,€3M
Warren Barguil,Team Picnic PostNL,€3M
Filippo Baroncini,UAE Team Emirates - XRG,€3M
Jon Barrenetxea,Movistar Team,€3M
Samuele Battistella,EF Education - EasyPost,€3M
Alex Baudin,EF Education - EasyPost,€3M
Niklas Behrens,Team Visma | Lease a Bike,€3M
Clément Berthet,Groupama - FDJ United,€3M
Cédric Beullens,Lotto-Intermarché,€3M
Jenthe Biermans,Cofidis,€3M
Léo Bisiaux,Decathlon CMA CGM Team,€3M
Stefan Bissegger,Decathlon CMA CGM Team,€3M
Mikkel Bjerg,UAE Team Emirates - XRG,€3M
Joseph Blackmore,NSN Cycling Team,€3M
Erlend Blikra,Uno-X Mobility,€3M
Koen Bouwman,Team Jayco AlUla,€3M
Vito Braet,Lotto-Intermarché,€3M
Marco Brenner,Tudor Pro Cycling Team,€3M
Alexys Brunel,Team TotalEnergies,€3M
Emanuel Buchmann,Cofidis,€3M
Mathieu Burgaudeau,Team TotalEnergies,€3M
Francesco Busatto,Alpecin - Premier Tech,€3M
Carlos Canal,Movistar Team,€3M
Amaury Capiot,Team Jayco AlUla,€3M
Mattia Cattaneo,Red Bull - BORA - hansgrohe,€3M
Rémi Cavagna,Groupama - FDJ United,€3M
Alexander Cepeda,EF Education - EasyPost,€3M
Jefferson Alveiro Cepeda,Movistar Team,€3M
Clément Champoussin,XDS Astana Team,€3M
Fabio Christen,Pinarello - Q36.5 Pro Cycling,€3M
Filippo Conca,Team Jayco AlUla,€3M
Simone Consonni,Lidl - Trek,€3M
Ewen Costiou,Groupama - FDJ United,€3M
Alessandro Covi,Team Jayco AlUla,€3M
Tom Crabbe,Team Flanders - Baloise,€3M
Steff Cras,Soudal Quick-Step,€3M
Ramses Debruyne,Alpecin - Premier Tech,€3M
Aimé De Gendt,Pinarello - Q36.5 Pro Cycling,€3M
John Degenkolb,Team Picnic PostNL,€3M
Simon Dehairs,Alpecin - Premier Tech,€3M
David Dekker,BEAT Cycling Club,€3M
David De La Cruz,Pinarello - Q36.5 Pro Cycling,€3M
Alexandre Delettre,Team TotalEnergies,€3M
Nico Denz,Red Bull - BORA - hansgrohe,€3M
Laurens De Plus,INEOS Grenadiers,€3M
Steffen De Schuyteneer,Lotto-Intermarché,€3M
Stan Dewulf,Decathlon CMA CGM Team,€3M
Silvan Dillier,Alpecin - Premier Tech,€3M
Paul Double,Team Jayco AlUla,€3M
Sandy Dujardin,Team TotalEnergies,€3M
Timothy Dupont,Tarteletto - Isorex,€3M
Luke Durbridge,Team Jayco AlUla,€3M
Pascal Eenkhoorn,Soudal Quick-Step,€3M
Odd Christian Eiking,Unibet Rose Rockets,€3M
Itamar Einhorn,NSN Cycling Team,€3M
Felix Engelhardt,Team Jayco AlUla,€3M
Haimar Etxeberria,Red Bull - BORA - hansgrohe,€3M
Afonso Eulálio,Bahrain - Victorious,€3M
Yevgeniy Fedorov,XDS Astana Team,€3M
Filippo Fiorelli,Team Visma | Lease a Bike,€3M
Finn Fisher-Black,Red Bull - BORA - hansgrohe,€3M
Anders Foldager,Team Jayco AlUla,€3M
Davide Formolo,Movistar Team,€3M
Tobias Foss,INEOS Grenadiers,€3M
Stian Fredheim,Uno-X Mobility,€3M
Marco Frigo,NSN Cycling Team,€3M
Frederik Frison,Pinarello - Q36.5 Pro Cycling,€3M
Raul Garcia Pierna,Movistar Team,€3M
Gianmarco Garofoli,Soudal Quick-Step,€3M
Pierre Gautherat,Decathlon CMA CGM Team,€3M
Robbe Ghys,Decathlon CMA CGM Team,€3M
Matevž Govekar,Bahrain - Victorious,€3M
Felix Großschartner,UAE Team Emirates - XRG,€3M
Thibaud Gruel,Groupama - FDJ United,€3M
Tord Gudmestad,Decathlon CMA CGM Team,€3M
Per Strand Hagenes,Team Visma | Lease a Bike,€3M
Jack Haig,INEOS Grenadiers,€3M
Marco Haller,Tudor Pro Cycling Team,€3M
Jesús Herrada,Burgos Burpellet BH,€3M
Rune Herregodts,UAE Team Emirates - XRG,€3M
Sergio Higuita,XDS Astana Team,€3M
Jan Hirt,NSN Cycling Team,€3M
Noah Hobbs,EF Education - EasyPost,€3M
Markus Hoelgaard,Uno-X Mobility,€3M
Mikkel Honoré,EF Education - EasyPost,€3M
Daan Hoole,Decathlon CMA CGM Team,€3M
Damien Howson,Pinarello - Q36.5 Pro Cycling,€3M
Ion Izagirre,Cofidis,€3M
Anders Johannessen,Uno-X Mobility,€3M
Bob Jungels,INEOS Grenadiers,€3M
Lennard Kämna,Lidl - Trek,€3M
Alexander Kamp,Uno-X Mobility,€3M
Wilco Kelderman,Team Visma | Lease a Bike,€3M
Timo Kielich,Team Visma | Lease a Bike,€3M
Alex Kirsch,Cofidis,€3M
Oliver Knight,Cofidis,€3M
Oded Kogut,NSN Cycling Team,€3M
Patrick Konrad,Lidl - Trek,€3M
Jelte Krijnsen,Team Jayco AlUla,€3M
Andreas Kron,Uno-X Mobility,€3M
Steven Kruijswijk,Team Visma | Lease a Bike,€3M
Johannes Kulset,Uno-X Mobility,€3M
Jordan Labrosse,Decathlon CMA CGM Team,€3M
Vegard Stake Laengen,UAE Team Emirates - XRG,€3M
Victor Lafay,Unibet Rose Rockets,€3M
Yves Lampaert,Soudal Quick-Step,€3M
Victor Langellotti,INEOS Grenadiers,€3M
Niklas Larsen,Unibet Rose Rockets,€3M
Junior Lecerf,Soudal Quick-Step,€3M
Iúri Leitão,Caja Rural - Seguros RGA,€3M
Bart Lemmen,Team Visma | Lease a Bike,€3M
Emils Liepinš,Pinarello - Q36.5 Pro Cycling,€3M
Arjen Livyns,XDS Astana Team,€3M
Giovanni Lonardi,Team Polti VisitMalta,€3M
Lander Loockx,Unibet Rose Rockets,€3M
Harold López,XDS Astana Team,€3M
Juan Pedro López,Movistar Team,€3M
Matis Louvel,NSN Cycling Team,€3M
Matteo Malucelli,XDS Astana Team,€3M
Lorrenzo Manzin,Team TotalEnergies,€3M
Martin Marcellusi,Bardiani-CSF 7 Saber,€3M
Marius Mayrhofer,Tudor Pro Cycling Team,€3M
Xandro Meurisse,Pinarello - Q36.5 Pro Cycling,€3M
Luka Mezgec,Team Jayco AlUla,€3M
Lorenzo Milesi,Movistar Team,€3M
Pau Miquel,Bahrain - Victorious,€3M
Rudy Molard,Groupama - FDJ United,€3M
Bauke Mollema,Lidl - Trek,€3M
Oliver Naesen,Decathlon CMA CGM Team,€3M
Krists Neilands,NSN Cycling Team,€3M
Lukas Nerurkar,EF Education - EasyPost,€3M
Jørgen Nordhagen,Team Visma | Lease a Bike,€3M
Domen Novak,UAE Team Emirates - XRG,€3M
Stefano Oldani,Caja Rural - Seguros RGA,€3M
Ivo Oliveira,UAE Team Emirates - XRG,€3M
Rui Oliveira,UAE Team Emirates - XRG,€3M
Jakob Omrzel,Bahrain - Victorious,€3M
Quentin Pacher,Groupama - FDJ United,€3M
Hugo Page,Cofidis,€3M
Casper Pedersen,Soudal Quick-Step,€3M
Rasmus Pedersen,Decathlon CMA CGM Team,€3M
Albert Philipsen,Lidl - Trek,€3M
Riley Pickrell,Modern Adventure Pro Cycling,€3M
Davide Piganzoli,Team Visma | Lease a Bike,€3M
Edward Planckaert,Alpecin - Premier Tech,€3M
Jensen Plowright,Alpecin - Premier Tech,€3M
Wout Poels,Unibet Rose Rockets,€3M
Eduard Prades,Caja Rural - Seguros RGA,€3M
Nicolas Prodhomme,Decathlon CMA CGM Team,€3M
Sean Quinn,EF Education - EasyPost,€3M
Nairo Quintana,Movistar Team,€3M
Andrea Raccagni,Soudal Quick-Step,€3M
Dušan Rajovic,Solution Tech-NIPPO-Rali,€3M
Senna Remijn,Alpecin - Premier Tech,€3M
Alexis Renard,Cofidis,€3M
Jonas Rickaert,Alpecin - Premier Tech,€3M
Oscar Riesebeek,Alpecin - Premier Tech,€3M
Brandon Rivera,INEOS Grenadiers,€3M
Rémy Rochas,Groupama - FDJ United,€3M
Cristián Rodríguez,XDS Astana Team,€3M
Alessandro Romele,XDS Astana Team,€3M
Javier Romo,Movistar Team,€3M
Mathys Rondel,Tudor Pro Cycling Team,€3M
Lorenzo Rota,Lotto-Intermarché,€3M
Clément Russo,Groupama - FDJ United,€3M
Jonas Rutsch,Lotto-Intermarché,€3M
Archie Ryan,EF Education - EasyPost,€3M
Pelayo Sánchez,Movistar Team,€3M
Nicholas Schultz,NSN Cycling Team,€3M
Florian Sénéchal,Alpecin - Premier Tech,€3M
Gonzalo Serrano,Movistar Team,€3M
Riley Sheehan,NSN Cycling Team,€3M
Guillermo Thomas Silva,XDS Astana Team,€3M
Matteo Sobrero,Lidl - Trek,€3M
Jakob Söderqvist,Lidl - Trek,€3M
Iván Sosa,Equipo Kern Pharma,€3M
Robert Stannard,Bahrain - Victorious,€3M
Johannes Staune-Mittet,Decathlon CMA CGM Team,€3M
Georg Steinhauser,EF Education - EasyPost,€3M
Jake Stewart,NSN Cycling Team,€3M
Florian Stork,Tudor Pro Cycling Team,€3M
Embret Svestad-Bårdseng,INEOS Grenadiers,€3M
Harry Sweeny,EF Education - EasyPost,€3M
Connor Swift,INEOS Grenadiers,€3M
Gleb Syritsa,XDS Astana Team,€3M
Lionel Taminiaux,Lotto-Intermarché,€3M
Harold Tejada,XDS Astana Team,€3M
Natnael Tesfatsion,Movistar Team,€3M
Jason Tesson,Team TotalEnergies,€3M
Tim Torn Teutenberg,Lidl - Trek,€3M
Edward Theuns,Lidl - Trek,€3M
Benjamin Thomas,Cofidis,€3M
Rory Townsend,Unibet Rose Rockets,€3M
Bastien Tronchon,Groupama - FDJ United,€3M
Henri Uhlig,Alpecin - Premier Tech,€3M
Diego Ulissi,XDS Astana Team,€3M
Milan Vader,Pinarello - Q36.5 Pro Cycling,€3M
Michael Valgren,EF Education - EasyPost,€3M
Tom Van Asbroeck,NSN Cycling Team,€3M
Luca Van Boven,Lotto-Intermarché,€3M
Fabio Van den Bossche,Soudal Quick-Step,€3M
Frank van den Broek,Team Picnic PostNL,€3M
Taco van der Hoorn,Lotto-Intermarché,€3M
Mick van Dijke,Red Bull - BORA - hansgrohe,€3M
Tim van Dijke,Red Bull - BORA - hansgrohe,€3M
Dries Van Gestel,Soudal Quick-Step,€3M
Bert Van Lerberghe,Soudal Quick-Step,€3M
Vlad Van Mechelen,Bahrain - Victorious,€3M
Brent Van Moer,Pinarello - Q36.5 Pro Cycling,€3M
Andrea Vendrame,Team Jayco AlUla,€3M
Clément Venturini,Unibet Rose Rockets,€3M
Kevin Vermaerke,UAE Team Emirates - XRG,€3M
Carlos Verona,Lidl - Trek,€3M
Emiel Verstrynge,Alpecin - Premier Tech,€3M
Max Walscheid,Lidl - Trek,€3M
Frederik Wandahl,Red Bull - BORA - hansgrohe,€3M
Stephen Williams,NSN Cycling Team,€3M
Edoardo Zambanini,Bahrain - Victorious,€3M
Filippo Zana,Soudal Quick-Step,€3M
Maikel Zijlaard,Tudor Pro Cycling Team,€3M
Georg Zimmermann,Lotto-Intermarché,€3M
Jon Agirre,Euskaltel - Euskadi,€2M
Yago Aguirre,Euskaltel - Euskadi,€2M
Giovanni Aleotti,Red Bull - BORA - hansgrohe,€2M
Clément Alleno,Burgos Burpellet BH,€2M
Nicolás Alustiza,Euskaltel - Euskadi,€2M
Rodrigo Álvarez,Burgos Burpellet BH,€2M
Matteo Ambrosini,MBH Bank CSB Telecom Fort,€2M
Mario Aparicio,Burgos Burpellet BH,€2M
Stijn Appel,BEAT Cycling Club,€2M
Yukiya Arashiro,Solution Tech-NIPPO-Rali,€2M
Jorge Arcas,Movistar Team,€2M
Franklin Archibold,Solution Tech-NIPPO-Rali,€2M
Hamish Armitt,Team Novo Nordisk,€2M
Julen Arriolabengoa,Caja Rural - Seguros RGA,€2M
Ronan Augé,Unibet Rose Rockets,€2M
AJ August,INEOS Grenadiers,€2M
Ibai Azanza,Equipo Kern Pharma,€2M
Hugo Aznar,Equipo Kern Pharma,€2M
Unai Aznar,Euskaltel - Euskadi,€2M
Xabier Azparren,Pinarello - Q36.5 Pro Cycling,€2M
Matteo Badilatti,Pinarello - Q36.5 Pro Cycling,€2M
Christian Bagatin,MBH Bank CSB Telecom Fort,€2M
Davide Bais,Team Polti VisitMalta,€2M
Mattia Bais,Team Polti VisitMalta,€2M
Abel Balderstone,Caja Rural - Seguros RGA,€2M
Maurice Ballerstedt,Alpecin - Premier Tech,€2M
Alexandre Balmer,Solution Tech-NIPPO-Rali,€2M
Will Barta,Tudor Pro Cycling Team,€2M
Cyril Barthe,Groupama - FDJ United,€2M
Ayco Bastiaens,Soudal Quick-Step,€2M
Siebe Bauwens,Tarteletto - Isorex,€2M
Sjoerd Bax,Pinarello - Q36.5 Pro Cycling,€2M
Tobias Bayer,Alpecin - Premier Tech,€2M
Hamish Beadle,Team Novo Nordisk,€2M
Dario Belletta,Team Polti VisitMalta,€2M
Lennert Belmans,Alpecin - Premier Tech,€2M
Markel Beloki,EF Education - EasyPost,€2M
Adrian Benito,Team Polti VisitMalta,€2M
George Bennett,NSN Cycling Team,€2M
Xabier Berasategi,Euskaltel - Euskadi,€2M
Julien Bernard,Lidl - Trek,€2M
Urko Berrade,Equipo Kern Pharma,€2M
Sebastian Berwick,Caja Rural - Seguros RGA,€2M
Gabriele Bessega,Team Polti VisitMalta,€2M
Tommaso Bessega,Team Polti VisitMalta,€2M
Carl-Frederik Bévort,Uno-X Mobility,€2M
Frits Biesterbos,Team Picnic PostNL,€2M
Mikel Bizkarra,Euskaltel - Euskadi,€2M
Joren Bloem,Unibet Rose Rockets,€2M
William Blume Levy,Uno-X Mobility,€2M
Sam Boardman,Modern Adventure Pro Cycling,€2M
Adrien Boichis,Red Bull - BORA - hansgrohe,€2M
Guillaume Boivin,NSN Cycling Team,€2M
Thomas Bonnet,Team TotalEnergies,€2M
Kamiel Bonneu,Solution Tech-NIPPO-Rali,€2M
Alessandro Borgo,Bahrain - Victorious,€2M
Joan Bou,Caja Rural - Seguros RGA,€2M
Geoffrey Bouchard,Team TotalEnergies,€2M
Georgios Bouglas,Burgos Burpellet BH,€2M
Rayan Boulahoite,Team TotalEnergies,€2M
Lewis Bower,Groupama - FDJ United,€2M
Diego Bracalente,MBH Bank CSB Telecom Fort,€2M
Sam Brand,Team Novo Nordisk,€2M
Clément Braz Afonso,Groupama - FDJ United,€2M
Nicolas Breuillard,Team TotalEnergies,€2M
Marc Brustenga,Equipo Kern Pharma,€2M
Alberto Bruttomesso,Bahrain - Victorious,€2M
Marcin Budzinski,MBH Bank CSB Telecom Fort,€2M
Nicolò Buratti,MBH Bank CSB Telecom Fort,€2M
Josh Burnett,Burgos Burpellet BH,€2M
Aidan Buttigieg,Team Polti VisitMalta,€2M
Sven Erik Bystrøm,Uno-X Mobility,€2M
Walter Calzoni,Pinarello - Q36.5 Pro Cycling,€2M
Marcel Camprubí,Pinarello - Q36.5 Pro Cycling,€2M
Robin Carpenter,Modern Adventure Pro Cycling,€2M
Simon Carr,Cofidis,€2M
Pablo Carrascosa,Equipo Kern Pharma,€2M
Jan Castellón,Caja Rural - Seguros RGA,€2M
Ezra Caudell,Modern Adventure Pro Cycling,€2M
Daniel Cavia,Burgos Burpellet BH,€2M
Filippo Cettolin,Bardiani-CSF 7 Saber,€2M
Oscar Chamberlain,Decathlon CMA CGM Team,€2M
Anthon Charmig,Uno-X Mobility,€2M
Camille Charret,Cofidis,€2M
Cesare Chesini,MBH Bank CSB Telecom Fort,€2M
Sean Christian,Modern Adventure Pro Cycling,€2M
Cedrik Christophersen,Unibet Rose Rockets,€2M
Sergio Chumil,Burgos Burpellet BH,€2M
Edoardo Cipollini,MBH Bank CSB Telecom Fort,€2M
Iván Cobo,Equipo Kern Pharma,€2M
Jacopo Colladon,Team Novo Nordisk,€2M
Luca Colnaghi,Bardiani-CSF 7 Saber,€2M
Nicola Conci,XDS Astana Team,€2M
Lorenzo Conforti,Bardiani-CSF 7 Saber,€2M
Valerio Conti,Solution Tech-NIPPO-Rali,€2M
Michiel Coppens,BEAT Cycling Club,€2M
Dillon Corkery,Team Picnic PostNL,€2M
Gorka Corres,Caja Rural - Seguros RGA,€2M
Pier-André Côté,NSN Cycling Team,€2M
Luca Covili,Bardiani-CSF 7 Saber,€2M
Lars Craps,Lotto-Intermarché,€2M
Ludovico Crescioli,Team Polti VisitMalta,€2M
Luca Cretti,MBH Bank CSB Telecom Fort,€2M
Fabrizio German Crozzolo,Team Polti VisitMalta,€2M
Edward Cruz,Bardiani-CSF 7 Saber,€2M
Simon Dalby,Uno-X Mobility,€2M
Sergi Darder,Caja Rural - Seguros RGA,€2M
Lucas Daugé,Team Novo Nordisk,€2M
Florian Dauphin,Team TotalEnergies,€2M
Nicolas Debeaumarché,Cofidis,€2M
Stefan de Bod,Modern Adventure Pro Cycling,€2M
Jasper De Buyst,Lotto-Intermarché,€2M
Maxime Decomble,Groupama - FDJ United,€2M
Quinten De Graeve,Team Novo Nordisk,€2M
Timo de Jong,Team Picnic PostNL,€2M
Hugo De La Calle,Burgos Burpellet BH,€2M
Joris Delbove,Team TotalEnergies,€2M
Brem Deman,Team Flanders - Baloise,€2M
Tuur Dens,Team Flanders - Baloise,€2M
Sander De Pestel,Decathlon CMA CGM Team,€2M
Dries De Pooter,Team Jayco AlUla,€2M
Davide De Pretto,Team Jayco AlUla,€2M
Hartthijs de Vries,Unibet Rose Rockets,€2M
Lindsay De Vylder,Alpecin - Premier Tech,€2M
Siebe Deweirdt,Team Flanders - Baloise,€2M
Robbe Dhondt,Team Picnic PostNL,€2M
Alex Díaz,Caja Rural - Seguros RGA,€2M
Márton Dina,MBH Bank CSB Telecom Fort,€2M
Matt Dinham,Team Picnic PostNL,€2M
Bram Dissel,BEAT Cycling Club,€2M
Aaron Dockx,Alpecin - Premier Tech,€2M
Robert Donaldson,Team Jayco AlUla,€2M
Tom Donnenwirth,Groupama - FDJ United,€2M
Mark Donovan,Pinarello - Q36.5 Pro Cycling,€2M
Robin Donzé,Tudor Pro Cycling Team,€2M
Fabien Doubey,Team TotalEnergies,€2M
Owain Doull,Team Visma | Lease a Bike,€2M
Jarrad Drizners,Red Bull - BORA - hansgrohe,€2M
Ðorde Ðuric,Solution Tech-NIPPO-Rali,€2M
Fredrik Dversnes,Uno-X Mobility,€2M
Tijmen Eising,BEAT Cycling Club,€2M
Iñigo Elosegui,Equipo Kern Pharma,€2M
Jacob Eriksson,Tudor Pro Cycling Team,€2M
Roman Ermakov,Bahrain - Victorious,€2M
Žak Eržen,Bahrain - Victorious,€2M
Matteo Fabbro,Solution Tech-NIPPO-Rali,€2M
Eric Fagúndez,Burgos Burpellet BH,€2M
Adrian Fajardo,Burgos Burpellet BH,€2M
Alessandro Fancellu,MBH Bank CSB Telecom Fort,€2M
José Luis Faura,Burgos Burpellet BH,€2M
Alexy Faure Prost,Team Picnic PostNL,€2M
Karsten Feldmann,Unibet Rose Rockets,€2M
Samuel Fernández,Caja Rural - Seguros RGA,€2M
Sinuhé Fernández,Burgos Burpellet BH,€2M
Santiago Ferraro,Bardiani-CSF 7 Saber,€2M
Valentin Ferron,Cofidis,€2M
Tilen Finkšt,Solution Tech-NIPPO-Rali,€2M
Samuel Flórez,Modern Adventure Pro Cycling,€2M
Sean Flynn,Team Picnic PostNL,€2M
Titouan Fontaine,Groupama - FDJ United,€2M
Eivind Broholt Fougner,Unibet Rose Rockets,€2M
Matthew Fox,Lotto-Intermarché,€2M
Robin Froidevaux,Tudor Pro Cycling Team,€2M
Thomas Gachignard,Team TotalEnergies,€2M
Mattia Gaffuri,Team Picnic PostNL,€2M
Patrick Gamper,Team Jayco AlUla,€2M
Ander Ganzabal,Euskaltel - Euskadi,€2M
Pablo García,Team Polti VisitMalta,€2M
Carlos Garcia Pierna,Burgos Burpellet BH,€2M
Aaron Gate,XDS Astana Team,€2M
Michele Gazzoli,Solution Tech-NIPPO-Rali,€2M
Jonas Geens,Alpecin - Premier Tech,€2M
Ferre Geeraerts,Team Flanders - Baloise,€2M
Gil Gelders,Soudal Quick-Step,€2M
Owen Geleijn,Unibet Rose Rockets,€2M
Kévin Geniets,Groupama - FDJ United,€2M
Lorenzo Germani,Groupama - FDJ United,€2M
Amanuel Ghebreigzabhier,Lidl - Trek,€2M
Joshua Giddings,Lotto-Intermarché,€2M
Brady Gilmore,NSN Cycling Team,€2M
Nil Gimeno,Equipo Kern Pharma,€2M
Dario Giuliano,Team Polti VisitMalta,€2M
Gal Glivar,Alpecin - Premier Tech,€2M
Thomas Gloag,Pinarello - Q36.5 Pro Cycling,€2M
Michael Gogl,Alpecin - Premier Tech,€2M
Germán Gómez,Team Polti VisitMalta,€2M
Iker Gómez,Equipo Kern Pharma,€2M
Lev Gonov,XDS Astana Team,€2M
David González,Pinarello - Q36.5 Pro Cycling,€2M
Roberto González,Solution Tech-NIPPO-Rali,€2M
Tijmen Graat,Team Visma | Lease a Bike,€2M
Kamil Gradek,Bahrain - Victorious,€2M
Ben Granger,Solution Tech-NIPPO-Rali,€2M
Fabien Grellier,Team TotalEnergies,€2M
Sébastien Grignard,Lotto-Intermarché,€2M
Matys Grisel,Lotto-Intermarché,€2M
Filip Gruszczynski,MBH Bank CSB Telecom Fort,€2M
Simone Gualdi,Lotto-Intermarché,€2M
Jaume Guardeño,Caja Rural - Seguros RGA,€2M
Thibault Guernalec,Team TotalEnergies,€2M
Jorge Gutiérrez,Equipo Kern Pharma,€2M
Alexander Hajek,Red Bull - BORA - hansgrohe,€2M
Chris Hamilton,Team Picnic PostNL,€2M
Lucas Hamilton,INEOS Grenadiers,€2M
Jelle Harteel,Tarteletto - Isorex,€2M
Alan Hatherly,Team Jayco AlUla,€2M
Kieran Haug,Modern Adventure Pro Cycling,€2M
Leo Hayter,Modern Adventure Pro Cycling,€2M
Kim Heiduk,INEOS Grenadiers,€2M
Asbjørn Hellemose,Team Jayco AlUla,€2M
Paul Hennequin,Euskaltel - Euskadi,€2M
Martín Herreño,Bardiani-CSF 7 Saber,€2M
Emil Herzog,Red Bull - BORA - hansgrohe,€2M
Michel Heßmann,Movistar Team,€2M
Jules Hesters,Team Flanders - Baloise,€2M
Ådne Holter,Uno-X Mobility,€2M
Emmanuel Houcou,Pinarello - Q36.5 Pro Cycling,€2M
Hugo Houle,Alpecin - Premier Tech,€2M
Axel Huens,Groupama - FDJ United,€2M
Menno Huising,Team Visma | Lease a Bike,€2M
Nolan Huysmans,Team Flanders - Baloise,€2M
Jonas Hvideberg,Uno-X Mobility,€2M
Alessandro Iacchi,Solution Tech-NIPPO-Rali,€2M
Javier Ibáñez,Caja Rural - Seguros RGA,€2M
Storm Ingebrigtsen,Uno-X Mobility,€2M
Unai Iribar,Equipo Kern Pharma,€2M
Declan Irvine,Team Novo Nordisk,€2M
Xabier Isasa,Euskaltel - Euskadi,€2M
Noa Isidore,Decathlon CMA CGM Team,€2M
Clément Izquierdo,Cofidis,€2M
Johan Jacobs,Groupama - FDJ United,€2M
Yaël Joalland,Cofidis,€2M
Jelle Johannink,Unibet Rose Rockets,€2M
Julius Johansen,UAE Team Emirates - XRG,€2M
Alan Jousseaume,Team TotalEnergies,€2M
Txomin Juaristi,Euskaltel - Euskadi,€2M
Christopher Juul-Jensen,Team Jayco AlUla,€2M
Florian Kajamini,XDS Astana Team,€2M
Petr Kelemen,Tudor Pro Cycling Team,€2M
Joshua Kench,Groupama - FDJ United,€2M
Rainer Kepplinger,Bahrain - Victorious,€2M
Jochem Kerckhaert,BEAT Cycling Club,€2M
Cole Kessler,Modern Adventure Pro Cycling,€2M
Jonah Killy,Tarteletto - Isorex,€2M
Arthur Kluckers,Tudor Pro Cycling Team,€2M
Vojtech Kmínek,Burgos Burpellet BH,€2M
James Knox,Team Picnic PostNL,€2M
Mathieu Kockelmann,Lotto-Intermarché,€2M
Bjorn Koerdt,Team Picnic PostNL,€2M
Sebastian Kolze Changizi,Tudor Pro Cycling Team,€2M
Matyáš Kopecký,Unibet Rose Rockets,€2M
Tomáš Kopecký,Unibet Rose Rockets,€2M
Tomoya Koyama,Burgos Burpellet BH,€2M
Jesse Kramer,BEAT Cycling Club,€2M
Max Kroonen,BEAT Cycling Club,€2M
Merhawi Kudus,Burgos Burpellet BH,€2M
Anton Kuzmin,XDS Astana Team,€2M
Michiel Lambrecht,Team Flanders - Baloise,€2M
Milan Lanhove,Team Flanders - Baloise,€2M
Ellande Larronde,Caja Rural - Seguros RGA,€2M
Harry Lasker,Modern Adventure Pro Cycling,€2M
Jonathan Lastra,Euskaltel - Euskadi,€2M
Yorben Lauryssen,Tarteletto - Isorex,€2M
Mathis Le Berre,Team TotalEnergies,€2M
Gijs Leemreize,Team Picnic PostNL,€2M
Fabrice Lefevre,Tarteletto - Isorex,€2M
Olivier Le Gac,Groupama - FDJ United,€2M
Michael Leonard,EF Education - EasyPost,€2M
Samuel Leroux,Team TotalEnergies,€2M
Theo Lévêque,Team TotalEnergies,€2M
Antoine L'Hôte,Decathlon CMA CGM Team,€2M
Fabian Lienhard,Tudor Pro Cycling Team,€2M
Sakarias Løland,Uno-X Mobility,€2M
Ian López,Modern Adventure Pro Cycling,€2M
Jordi López,Euskaltel - Euskadi,€2M
Joseba López,Caja Rural - Seguros RGA,€2M
Juan José López,Team Novo Nordisk,€2M
Pablo Lospitao,Caja Rural - Seguros RGA,€2M
David Lozano,Team Novo Nordisk,€2M
Jan Maas,Cofidis,€2M
Marijn Maas,BEAT Cycling Club,€2M
César Macías,Burgos Burpellet BH,€2M
Filip Maciejuk,Movistar Team,€2M
Alastair MacKellar,EF Education - EasyPost,€2M
Donovan Mackie,Team Novo Nordisk,€2M
Mirco Maestri,Team Polti VisitMalta,€2M
Filippo Magli,Bardiani-CSF 7 Saber,€2M
Adrien Maire,Unibet Rose Rockets,€2M
Sam Maisonobe,Cofidis,€2M
Bálint Makrai,MBH Bank CSB Telecom Fort,€2M
Kamil Malecki,Pinarello - Q36.5 Pro Cycling,€2M
Nicola Marcerou,Team TotalEnergies,€2M
Gianni Marchand,Tarteletto - Isorex,€2M
Elias Maris,Team Flanders - Baloise,€2M
Niklas Märkl,Team Picnic PostNL,€2M
Tim Marsman,Alpecin - Premier Tech,€2M
Pau Martí,NSN Cycling Team,€2M
Gotzon Martín,Euskaltel - Euskadi,€2M
José María Martín,Equipo Kern Pharma,€2M
Alessio Martinelli,Bardiani-CSF 7 Saber,€2M
Guillermo Martínez,Team Picnic PostNL,€2M
Lorenzo Masciarelli,MBH Bank CSB Telecom Fort,€2M
Fausto Masnada,MBH Bank CSB Telecom Fort,€2M
Pietro Mattio,Team Visma | Lease a Bike,€2M
Alexandre Mayer,Burgos Burpellet BH,€2M
Bailey McDonald,Team Novo Nordisk,€2M
Brody McDonald,Modern Adventure Pro Cycling,€2M
Scott McGill,Modern Adventure Pro Cycling,€2M
Hamish McKenzie,Team Jayco AlUla,€2M
Jamie Meehan,Cofidis,€2M
Felix Meo,Solution Tech-NIPPO-Rali,€2M
Elien Mercier,Bardiani-CSF 7 Saber,€2M
Sergio Meris,Unibet Rose Rockets,€2M
Andréa Mifsud,Team Polti VisitMalta,€2M
Fran Miholjevic,Bahrain - Victorious,€2M
Aivaras Mikutis,Tudor Pro Cycling Team,€2M
Matteo Milan,Groupama - FDJ United,€2M
Iker Mintegi,Euskaltel - Euskadi,€2M
Alex Molenaar,Caja Rural - Seguros RGA,€2M
Sylvain Moniquet,Cofidis,€2M
Andrea Montagner,Bardiani-CSF 7 Saber,€2M
Zeno Moonen,Tarteletto - Isorex,€2M
Manlio Moro,Movistar Team,€2M
Jacopo Mosca,Lidl - Trek,€2M
Gianni Moscon,Red Bull - BORA - hansgrohe,€2M
Wessel Mouris,Unibet Rose Rockets,€2M
Gregor Mühlberger,Decathlon CMA CGM Team,€2M
Ryan Mullen,NSN Cycling Team,€2M
Anton Muller,Team Novo Nordisk,€2M
Tobias Müller,Unibet Rose Rockets,€2M
Henok Mulubrhan,XDS Astana Team,€2M
Francisco Muñoz,Team Polti VisitMalta,€2M
Byron Munton,Modern Adventure Pro Cycling,€2M
Jokin Murguialday,Euskaltel - Euskadi,€2M
Tim Naberman,Team Picnic PostNL,€2M
Joost Nat,BEAT Cycling Club,€2M
Tommaso Nencini,Solution Tech-NIPPO-Rali,€2M
Lorenzo Nespoli,MBH Bank CSB Telecom Fort,€2M
Joel Nicolau,Caja Rural - Seguros RGA,€2M
Mathias Norsgaard,Lidl - Trek,€2M
Pavel Novák,Movistar Team,€2M
Kelland O'Brien,Team Jayco AlUla,€2M
Ander Okamika,Burgos Burpellet BH,€2M
Nélson Oliveira,Movistar Team,€2M
Ben Oliver,Modern Adventure Pro Cycling,€2M
Sam Oomen,Lidl - Trek,€2M
Robin Orins,Lotto-Intermarché,€2M
Felix Ørn-Kristoff,Lotto-Intermarché,€2M
Jakub Otruba,Caja Rural - Seguros RGA,€2M
Paul Ourselin,Cofidis,€2M
Peter Øxenberg,INEOS Grenadiers,€2M
Mathijs Paasschens,Bahrain - Victorious,€2M
Enzo Paleni,Groupama - FDJ United,€2M
Luca Paletti,Bardiani-CSF 7 Saber,€2M
Nicolò Parisini,Pinarello - Q36.5 Pro Cycling,€2M
José Félix Parra,Caja Rural - Seguros RGA,€2M
Oliver Peace,Team Picnic PostNL,€2M
Barnabás Peák,MBH Bank CSB Telecom Fort,€2M
Henrik Pedersen,Uno-X Mobility,€2M
Manuel Peñalver,Team Polti VisitMalta,€2M
Francisco Peñuela,Caja Rural - Seguros RGA,€2M
César Pérez,Equipo Kern Pharma,€2M
Adrià Pericas,UAE Team Emirates - XRG,€2M
Andrea Peron,Team Novo Nordisk,€2M
Davide Persico,MBH Bank CSB Telecom Fort,€2M
Diego Pescador,Movistar Team,€2M
Thomas Pesenti,Team Polti VisitMalta,€2M
Jannis Peter,Unibet Rose Rockets,€2M
Finlay Pickering,Team Jayco AlUla,€2M
Joe Pidcock,Pinarello - Q36.5 Pro Cycling,€2M
Andrea Pietrobon,Team Polti VisitMalta,€2M
Alessandro Pinarello,NSN Cycling Team,€2M
Mattia Pinazzi,Bardiani-CSF 7 Saber,€2M
Andrea Piras,Solution Tech-NIPPO-Rali,€2M
Antonio Polga,Team Novo Nordisk,€2M
Umberto Poli,Team Novo Nordisk,€2M
Gianluca Pollefliet,Decathlon CMA CGM Team,€2M
Rudy Porter,Team Jayco AlUla,€2M
Louis Marie Posnic,Team Novo Nordisk,€2M
Johan Price-Pejtersen,Alpecin - Premier Tech,€2M
Lorenzo Quartucci,Burgos Burpellet BH,€2M
Gabriele Raccagni,Team Polti VisitMalta,€2M
Darren Rafferty,EF Education - EasyPost,€2M
Nadav Raisberg,NSN Cycling Team,€2M
Unai Ramos,Equipo Kern Pharma,€2M
Martijn Rasenberg,Unibet Rose Rockets,€2M
Matteo Regnanti,Solution Tech-NIPPO-Rali,€2M
Pepijn Reinderink,Soudal Quick-Step,€2M
Elmar Reinders,Unibet Rose Rockets,€2M
Henri-François Renard-Haquin,Team Picnic PostNL,€2M
Erik Resell,Uno-X Mobility,€2M
Valentin Retailleau,Team TotalEnergies,€2M
Mikel Retegi,Equipo Kern Pharma,€2M
Tim Rex,Team Visma | Lease a Bike,€2M
Martín Rey,Burgos Burpellet BH,€2M
Filippo Ridolfo,Team Novo Nordisk,€2M
Ludovic Robeet,Cofidis,€2M
Óscar Rodríguez,INEOS Grenadiers,€2M
Vicente Rojas,Bardiani-CSF 7 Saber,€2M
Brieuc Rolland,Groupama - FDJ United,€2M
Iben Rommelaere,Tarteletto - Isorex,€2M
Timo Roosen,Team Picnic PostNL,€2M
Sergei Rostovtsev,Bardiani-CSF 7 Saber,€2M
Louis Rouland,Cofidis,€2M
Ibon Ruiz,Equipo Kern Pharma,€2M
Jambaljamts Sainbayar,Burgos Burpellet BH,€2M
Sergio Samitier,Cofidis,€2M
Carlos Samudio,Solution Tech-NIPPO-Rali,€2M
Arne Santy,Tarteletto - Isorex,€2M
Colin Savioz,Unibet Rose Rockets,€2M
Hugo Scala Jr.,Modern Adventure Pro Cycling,€2M
Anton Schiffer,Team Visma | Lease a Bike,€2M
Marco Schrettl,XDS Astana Team,€2M
Matthias Schwarzbacher,EF Education - EasyPost,€2M
Callum Scotson,Decathlon CMA CGM Team,€2M
Sente Sentjens,Alpecin - Premier Tech,€2M
Javier Serrano,Team Polti VisitMalta,€2M
Diego Sevilla,Team Polti VisitMalta,€2M
James Shaw,EF Education - EasyPost,€2M
Artem Shmidt,INEOS Grenadiers,€2M
Colby Simmons,EF Education - EasyPost,€2M
Anders Skaarseth,Uno-X Mobility,€2M
Daniel Skerl,Bahrain - Victorious,€2M
Liam Slock,Lotto-Intermarché,€2M
Dion Smith,NSN Cycling Team,€2M
Nathan Smith,Team Novo Nordisk,€2M
Gorka Sorarrain,Caja Rural - Seguros RGA,€2M
Antonio Soto,Equipo Kern Pharma,€2M
Mattia Stenico,Bardiani-CSF 7 Saber,€2M
Joppe Sterck,Tarteletto - Isorex,€2M
Mark Stewart,Modern Adventure Pro Cycling,€2M
Tyler Stites,Modern Adventure Pro Cycling,€2M
Abram Stockman,Unibet Rose Rockets,€2M
Oliver Stockwell,Bahrain - Victorious,€2M
Su Haoyu,XDS Astana Team,€2M
Joel Suter,Tudor Pro Cycling Team,€2M
Jasha Sütterlin,Team Jayco AlUla,€2M
Louis Sutton,Euskaltel - Euskadi,€2M
Tobias Svarre,Uno-X Mobility,€2M
Martin Svrcek,Soudal Quick-Step,€2M
Ben Swift,INEOS Grenadiers,€2M
Zsombor Takács,MBH Bank CSB Telecom Fort,€2M
Manuele Tarozzi,Bardiani-CSF 7 Saber,€2M
Rotem Tene,NSN Cycling Team,€2M
Fernando Tercero,Team Polti VisitMalta,€2M
Lucas Terrier,Team Novo Nordisk,€2M
Lennert Teugels,Tarteletto - Isorex,€2M
Roland Thalmann,Tudor Pro Cycling Team,€2M
Pierre Thierry,Team TotalEnergies,€2M
Reuben Thompson,Lotto-Intermarché,€2M
Senne Thonnon,Team Flanders - Baloise,€2M
Callum Thornley,Red Bull - BORA - hansgrohe,€2M
Martin Tjøtta,Uno-X Mobility,€2M
Alex Tolio,Bardiani-CSF 7 Saber,€2M
Davide Toneatti,XDS Astana Team,€2M
Alessandro Tonelli,Team Polti VisitMalta,€2M
Artuur Torney,Team Flanders - Baloise,€2M
Albert Torres,Movistar Team,€2M
Pablo Torres,UAE Team Emirates - XRG,€2M
Adam Toupalík,Unibet Rose Rockets,€2M
Damien Touzé,Cofidis,€2M
Lucas Towers,Modern Adventure Pro Cycling,€2M
Nikita Tsvetkov,Bardiani-CSF 7 Saber,€2M
Luke Tuckwell,Red Bull - BORA - hansgrohe,€2M
Filippo Turconi,Bardiani-CSF 7 Saber,€2M
Gari Ugarte,Euskaltel - Euskadi,€2M
Santiago Umba,Solution Tech-NIPPO-Rali,€2M
Martin Urianstad,Uno-X Mobility,€2M
Diego Uriarte,Equipo Kern Pharma,€2M
Laurent Ury,Bardiani-CSF 7 Saber,€2M
Baptiste Vadic,Team TotalEnergies,€2M
Márk Valent,MBH Bank CSB Telecom Fort,€2M
Darren van Bekkum,XDS Astana Team,€2M
Loe van Belle,Team Visma | Lease a Bike,€2M
Henri Vandenabeele,Team Flanders - Baloise,€2M
Julius van den Berg,Team Picnic PostNL,€2M
Noah Vandenbranden,Team Flanders - Baloise,€2M
Milan Van den Haute,Team Flanders - Baloise,€2M
Dylan Vandenstorme,Team Flanders - Baloise,€2M
Jardi van der Lee,EF Education - EasyPost,€2M
Max van der Meulen,Bahrain - Victorious,€2M
Axel van der Tuuk,Euskaltel - Euskadi,€2M
Danny van der Tuuk,Euskaltel - Euskadi,€2M
Warre Vangheluwe,Soudal Quick-Step,€2M
Leander Van Hautegem,Team Flanders - Baloise,€2M
Elias Vanheel,Tarteletto - Isorex,€2M
Vincent Van Hemelen,Team Flanders - Baloise,€2M
Ward Vanhoof,Team Flanders - Baloise,€2M
Harm Vanhoucke,Pinarello - Q36.5 Pro Cycling,€2M
Axandre Van Petegem,Tarteletto - Isorex,€2M
Daan van Sintmaartensdijk,BEAT Cycling Club,€2M
Roel van Sintmaartensdijk,Lotto-Intermarché,€2M
Floris Van Tricht,NSN Cycling Team,€2M
Baptiste Veistroffer,Lotto-Intermarché,€2M
Mattéo Vercher,Team TotalEnergies,€2M
Victor Vercouillie,Team Flanders - Baloise,€2M
Otto Vergaerde,Lidl - Trek,€2M
Luca Vergallito,Alpecin - Premier Tech,€2M
Jelle Vermoote,Tarteletto - Isorex,€2M
Luca Verrando,Solution Tech-NIPPO-Rali,€2M
Alessandro Verre,MBH Bank CSB Telecom Fort,€2M
Killian Verschuren,Unibet Rose Rockets,€2M
Louis Vervaeke,Soudal Quick-Step,€2M
Jonathan Vervenne,Soudal Quick-Step,€2M
Iker Villar,Caja Rural - Seguros RGA,€2M
Nicolas Vinokurov,XDS Astana Team,€2M
Attilio Viviani,Solution Tech-NIPPO-Rali,€2M
Yannis Voisard,Tudor Pro Cycling Team,€2M
Max Walker,EF Education - EasyPost,€2M
Bing Wang,Burgos Burpellet BH,€2M
Larry Warbasse,Tudor Pro Cycling Team,€2M
Célestin Wattelle,Team Novo Nordisk,€2M
Fabian Weiss,Tudor Pro Cycling Team,€2M
Bram Welten,Team Picnic PostNL,€2M
Mats Wenzel,Equipo Kern Pharma,€2M
Hannes Wilksch,Tudor Pro Cycling Team,€2M
Luc Wirtgen,Tudor Pro Cycling Team,€2M
Paul Wright,Modern Adventure Pro Cycling,€2M
Yen  Yi Ho,Equipo Kern Pharma,€2M
Edoardo Zamperini,Cofidis,€2M
Enrico Zanoncello,Bardiani-CSF 7 Saber,€2M
Samuele Zoccarato,MBH Bank CSB Telecom Fort,€2M
Nick Zukowsky,Pinarello - Q36.5 Pro Cycling,€2M
Ben Zwiehoff,Red Bull - BORA - hansgrohe,€2M
